{"name":"data-society_twitter-user-data","title":"Twitter User Data","description":"The dataset contains 20,000 rows, each with a user name, a random tweet, account profile and image and  location info\n\nThe dataset contains the following fields:\n\nunit_id: a unique id for user\n\ngolden: whether the user was included in the gold standard for the model; TRUE or FALSE\n\nunit_state: state of the observation; one of finalized (for contributor-judged) or golden (for gold standard observations)\n\ntrusted_judgments: number of trusted judgments (int); always 3 for non-golden, and what may be a unique id for gold standard observations\n\nlast_judgment_at: date and time of last contributor judgment; blank for gold standard observations\n\ngender: one of male, female, or brand (for non-human profiles)\n\ngender:confidence: a float representing confidence in the provided gender\n\nprofile_yn: \"no\" here seems to mean that the profile was meant to be part of the dataset but was not available when contributors went to judge it\n\nprofile_yn:confidence: confidence in the existence/non-existence of the profile\n\ncreated: date and time when the profile was created\n\ndescription: the user's profile description\n\nfav_number: number of tweets the user has favorited\n\ngender_gold: if the profile is golden, what is the gender?\n\nlink_color: the link color on the profile, as a hex value\n\nname: the user's name\n\nprofile_yn_gold: whether the profile y/n value is golden\n\nprofileimage: a link to the profile image\n\nretweet_count: number of times the user has retweeted (or possibly, been retweeted)\n\nsidebar_color: color of the profile sidebar, as a hex value\n\ntext: text of a random one of the user's tweets\n\ntweet_coord: if the user has location turned on, the coordinates as a string with the format \"[latitude, longitude]\"\n\ntweet_count: number of tweets that the user has posted\n\ntweet_created: when the random tweet (in the text column) was created\n\ntweet_id: the tweet id of the random tweet\n\ntweet_location: location of the tweet; seems to not be particularly normalized\n\nuser_timezone: the timezone of the user\n\nSource: Kaggle\n\nhttps://www.kaggle.com/crowdflower/twitter-user-gender-classification","homepage":"https://data.world/data-society/twitter-user-data","resources":[{"name":"gender_classifier_dfe_791531","schema":{"fields":[{"name":"unit_id","title":"_unit_id","type":"integer","rdfType":"http://www.w3.org/2001/XMLSchema#integer","dwSourceId":"unit_id"},{"name":"golden","title":"_golden","type":"boolean","rdfType":"http://www.w3.org/2001/XMLSchema#boolean","dwSourceId":"golden"},{"name":"unit_state","title":"_unit_state","type":"string","rdfType":"http://www.w3.org/2001/XMLSchema#string","dwSourceId":"unit_state"},{"name":"trusted_judgments","title":"_trusted_judgments","type":"integer","rdfType":"http://www.w3.org/2001/XMLSchema#integer","dwSourceId":"trusted_judgments"},{"name":"last_judgment_at","title":"_last_judgment_at","type":"datetime","rdfType":"http://www.w3.org/2001/XMLSchema#dateTime","dwSourceId":"last_judgment_at"},{"name":"gender","title":"gender","type":"string","rdfType":"http://www.w3.org/2001/XMLSchema#string","dwSourceId":"gender"},{"name":"gender_confidence","title":"gender:confidence","type":"number","rdfType":"http://www.w3.org/2001/XMLSchema#decimal","dwSourceId":"gender_confidence"},{"name":"profile_yn","title":"profile_yn","type":"boolean","rdfType":"http://www.w3.org/2001/XMLSchema#boolean","dwSourceId":"profile_yn"},{"name":"profile_yn_confidence","title":"profile_yn:confidence","type":"number","rdfType":"http://www.w3.org/2001/XMLSchema#decimal","dwSourceId":"profile_yn_confidence"},{"name":"created","title":"created","type":"datetime","rdfType":"http://www.w3.org/2001/XMLSchema#dateTime","dwSourceId":"created"},{"name":"description","title":"description","type":"string","rdfType":"http://www.w3.org/2001/XMLSchema#string","dwSourceId":"description"},{"name":"fav_number","title":"fav_number","type":"integer","rdfType":"http://www.w3.org/2001/XMLSchema#integer","dwSourceId":"fav_number"},{"name":"gender_gold","title":"gender_gold","type":"string","rdfType":"http://www.w3.org/2001/XMLSchema#string","dwSourceId":"gender_gold"},{"name":"link_color","title":"link_color","type":"string","rdfType":"http://www.w3.org/2001/XMLSchema#string","dwSourceId":"link_color"},{"name":"name","title":"name","type":"string","rdfType":"http://www.w3.org/2001/XMLSchema#string","dwSourceId":"name"},{"name":"profile_yn_gold","title":"profile_yn_gold","type":"boolean","rdfType":"http://www.w3.org/2001/XMLSchema#boolean","dwSourceId":"profile_yn_gold"},{"name":"profileimage","title":"profileimage","type":"string","rdfType":"http://www.w3.org/2001/XMLSchema#anyURI","dwSourceId":"profileimage"},{"name":"retweet_count","title":"retweet_count","type":"integer","rdfType":"http://www.w3.org/2001/XMLSchema#integer","dwSourceId":"retweet_count"},{"name":"sidebar_color","title":"sidebar_color","type":"string","rdfType":"http://www.w3.org/2001/XMLSchema#string","dwSourceId":"sidebar_color"},{"name":"text","title":"text","type":"string","rdfType":"http://www.w3.org/2001/XMLSchema#string","dwSourceId":"text"},{"name":"tweet_coord","title":"tweet_coord","type":"string","rdfType":"http://www.w3.org/2001/XMLSchema#string","dwSourceId":"tweet_coord"},{"name":"tweet_count","title":"tweet_count","type":"integer","rdfType":"http://www.w3.org/2001/XMLSchema#integer","dwSourceId":"tweet_count"},{"name":"tweet_created","title":"tweet_created","type":"datetime","rdfType":"http://www.w3.org/2001/XMLSchema#dateTime","dwSourceId":"tweet_created"},{"name":"tweet_id","title":"tweet_id","type":"number","rdfType":"http://www.w3.org/2001/XMLSchema#decimal","dwSourceId":"tweet_id"},{"name":"tweet_location","title":"tweet_location","type":"string","rdfType":"http://www.w3.org/2001/XMLSchema#string","dwSourceId":"tweet_location"},{"name":"user_timezone","title":"user_timezone","type":"string","rdfType":"http://www.w3.org/2001/XMLSchema#string","dwSourceId":"user_timezone"}]},"path":"data/gender_classifier_dfe_791531.csv","format":"csv"},{"name":"original/gender-classifier-DFE-791531.csv","path":"original/gender-classifier-DFE-791531.csv","format":"csv","mediatype":"text/csv","bytes":8176739}],"keywords":["data society","twitter","user profile","classification","prediction","clustering","network"]}